"No."," النوع","أسم المنتج","تصنيف المنتج","صورة المنتج","وصف صورة المنتج","نوع المنتج","سعر المنتج","الكمية المتوفرة","الوصف","هل يتطلب شحن؟","رمز المنتج sku","سعر التكلفة","السعر المخفض","تاريخ بداية التخفيض","تاريخ نهاية التخفيض","اقصي كمية لكل عميل","إخفاء خيار تحديد الكمية","اضافة صورة عند الطلب","الوزن","وحدة الوزن","حالة المنتج","الماركة","العنوان الترويجي","تثبيت المنتج","الباركود","السعرات الحرارية","MPN","GTIN","خاضع للضريبة ؟","سبب عدم الخضوع للضريبة","غير محدود الكمية","عنوان صفحة المنتج","وصف صفحة المنتج","رابط مخصص للمنتج","[1] الاسم","[1] النوع","[1] القيمة","[1] الصورة / اللون","[2] الاسم","[2] النوع","[2] القيمة","[2] الصورة / اللون","[3] الاسم","[3] النوع","[3] القيمة","[3] الصورة / اللون","[4] الاسم","[4] النوع","[4] القيمة","[4] الصورة / اللون","[5] الاسم","[5] النوع","[5] القيمة","[5] الصورة / اللون","[6] الاسم","[6] النوع","[6] القيمة","[6] الصورة / اللون","[7] الاسم","[7] النوع","[7] القيمة","[7] الصورة / اللون","[8] الاسم","[8] النوع","[8] القيمة","[8] الصورة / اللون","[9] الاسم","[9] النوع","[9] القيمة","[9] الصورة / اللون","[10] الاسم","[10] النوع","[10] القيمة","[10] الصورة / اللون"
31293707,"منتج","ستاند إعلاني مضيء بطابع تراثي | مقاسات مخصصة | ديكور فعاليات ومعارض","جميع المنتجات, تصاميمك مطبوعه, تصاميمك مطبوعه > طباعة حراريه, اليوم الوطني","https://cdn.salla.sa/EZORvA/130864b5-59dd-4c1c-9841-ffca1981cc44-800x1000-8bjwnM8VJdZszsdb0TEd3KfPoRJXLyhIrLFhPS1r.jpg,https://cdn.salla.sa/EZORvA/8a332166-838e-4ee2-8ceb-538c00968539-800x1000-GWlUxRzaN68gLSjsEkDSIWNafZJxLAoKiSAhmnjK.jpg","","خدمة حسب الطلب",75,"","<p>ارتقِ بمستوى فعالياتك ومعارضك مع <strong>ستاند إعلاني مضيء</strong> بتصميم تراثي فاخر يجمع بين الأصالة والحداثة.</p><p>الستاند مزوّد بإضاءة LED أنيقة تعطي بريقاً مميزاً لشعارك ورسالتك، ومناسب للاستخدام في المعارض، المؤتمرات، الاحتفالات الوطنية، وأركان العرض في المحلات أو المراكز التجارية.</p><p>📏 <strong>المواصفات:</strong></p><ul><li>المقاسات: متاحة حسب الطلب</li><li>الخامة: خشب + أكريلك + طباعة عالية الجودة</li><li>الإضاءة: LED موفرة للطاقة</li><li>الألوان: طباعة كاملة بألوان واضحة ومشرقة</li><li>التصميم: تراثي سعودي عصري</li></ul><p>🧱 <strong>المميزات:</strong></p><p>✅ واجهة مضيئة تجذب الانتباه من بعيد</p><p>✅ يعكس هوية علامتك أو مناسبتك</p><p>✅ خامات متينة تدوم طويلاً</p><p>✅ إمكانية تخصيص المقاسات والتصميم</p><p>🖨 <strong>تفاصيل الطباعة:</strong></p><ul><li>مكان الطباعة: الواجهة الأمامية بالكامل</li><li>أسلوب الطباعة: UV عالية الجودة</li></ul><p>⏱ <strong>مدة التنفيذ:</strong></p><p>من 7 إلى 14 يوم عمل حسب المقاس والتصميم المطلوب.</p>","نعم","321","","","1970-01-01","1970-01-01","0","","لا",1,"kg","مخفي","","","لا","",0,"","","نعم","","1","{Name}","<p>ارتقِ بمستوى فعالياتك ومعارضك مع <strong>ستاند إعلاني مضيء</strong> بتصميم تراثي فاخر يجمع بين الأصالة والحداثة.</p><p>الستاند مزوّد بإضاءة LED أنيقة تعطي بريقاً مميزاً لشعارك ورسالتك، ومناسب للاستخدام في المعارض، المؤتمرات، الاحتفالات الوطنية، وأركان العرض في المحلات أو المراكز التجارية.</p><p>📏 <strong>المواصفات:</strong></p><ul><li>المقاسات: متاحة حسب الطلب</li><li>الخامة: خشب + أكريلك + طباعة عالية الجودة</li><li>الإضاءة: LED موفرة للطاقة</li><li>الألوان: طباعة كاملة بألوان واضحة ومشرقة</li><li>التصميم: تراثي سعودي عصري</li></ul><p>🧱 <strong>المميزات:</strong></p><p>✅ واجهة مضيئة تجذب الانتباه من بعيد</p><p>✅ يعكس هوية علامتك أو مناسبتك</p><p>✅ خامات متينة تدوم طويلاً</p><p>✅ إمكانية تخصيص المقاسات والتصميم</p><p>🖨 <strong>تفاصيل الطباعة:</strong></p><ul><li>مكان الطباعة: الواجهة الأمامية بالكامل</li><li>أسلوب الطباعة: UV عالية الجودة</li></ul><p>⏱ <strong>مدة التنفيذ:</strong></p><p>من 7 إلى 14 يوم عمل حسب المقاس والتصميم المطلوب.</p>","ستاند إعلاني مضيء","","","","","","","","","","","","","","","","","","","","","","","","","","","","","","","","","","","","","","","",""
370232174,"منتج","بروش اكريلك فاخر","تصاميمك مطبوعه > طباعة حراريه, اليوم الوطني, تصاميمك مطبوعه, جميع المنتجات","https://cdn.salla.sa/EZORvA/5c1c0ceb-631c-4277-a72d-b0941286e894-1000x750-DFguf6zg7gIvzbai5H8NsMcwmDykhMmBaK2RBEpk.jpg,https://cdn.salla.sa/EZORvA/678da381-93d0-4456-b5f6-94029051da22-1000x750-4lpyeEQuBqno7tvhZB7SiDOWukaK24NQED3mXFHf.jpg,https://cdn.salla.sa/EZORvA/ccbbcf23-1484-45fd-be66-23b57ce75271-1000x750-x6s450Y6mB16sLhwTeZLDm897rsdf2r3ip4X0Eaz.jpg","","خدمة حسب الطلب",10,"","<p>بروش اكريلك ، مناسب للاستخدام في الفعاليات، المؤتمرات، الحملات التسويقية، أو كهدايا تذكارية فاخرة. يتميز بجودة عالية . </p><p>📏 <strong>المواصفات</strong>:</p><ul><li>الشكل: مربع او مستطيل</li><li>المادة: اكريلك</li></ul><p>🧱 <strong>المميزات</strong>:</p><p>✅ تصميم فاخر وأنيق</p><p>✅ خامة متينة وعمر طويل</p><p>✅ مناسب للهدايا الدعائية والفعاليات</p><p>🖨 <strong>تفاصيل الطباعة</strong>:</p><ul><li>مكان الطباعة: الوجه الأمامي بالكامل</li><li>طرق الطباعة: UV</li></ul><p>⏱ <strong>مدة التنفيذ</strong>:</p><p>من 4 إلى 8 أيام عمل بعد اعتماد التصميم.</p>","نعم","322","","","1970-01-01","1970-01-01","0","","لا",1,"kg","مخفي","","","لا","",0,"","","نعم","","1","{Name}","<p>بروش اكريلك ، مناسب للاستخدام في الفعاليات، المؤتمرات، الحملات التسويقية، أو كهدايا تذكارية فاخرة. يتميز بجودة عالية . </p><p>📏 <strong>المواصفات</strong>:</p><ul><li>الشكل: مربع او مستطيل</li><li>المادة: اكريلك</li></ul><p>🧱 <strong>المميزات</strong>:</p><p>✅ تصميم فاخر وأنيق</p><p>✅ خامة متينة وعمر طويل</p><p>✅ مناسب للهدايا الدعائية والفعاليات</p><p>🖨 <strong>تفاصيل الطباعة</strong>:</p><ul><li>مكان الطباعة: الوجه الأمامي بالكامل</li><li>طرق الطباعة: UV</li></ul><p>⏱ <strong>مدة التنفيذ</strong>:</p><p>من 4 إلى 8 أيام عمل بعد اعتماد التصميم.</p>","بروش اكريلك فاخر مخصص للطباعة","","","","","","","","","","","","","","","","","","","","","","","","","","","","","","","","","","","","","","","",""
1459073378,"منتج","عرض خاص علي لوحات خشبيه","جميع المنتجات, اليوم الوطني, تصاميمك مطبوعه > طباعة حراريه, تصاميمك مطبوعه","https://cdn.salla.sa/EZORvA/81f829ad-280c-4795-8d83-5485f18afd18-750x1000-PqsDT9YWqaS4QXjq96QHmyyK9Ic0BBSzrVoy0SGy.jpg,https://cdn.salla.sa/EZORvA/7cb68fd6-05b5-4243-8137-5b7d22c879be-750x1000-iNkzV1gBchpbvsSilUioITcKT1yZ3WhkWzIGdjPn.jpg,https://cdn.salla.sa/EZORvA/a1d75da4-ba27-4334-b1a3-2ca833bb3604-750x1000-YqZc5exYOhzHEBZRjep6digyk1eVEVrj6bH5oeqy.jpg,https://cdn.salla.sa/EZORvA/f2fe8c78-4a51-4ab0-a3d3-4ebfb7b5cafd-750x1000-uI6DVmP5cujL7PUsGqIGo2OLedJHWKPanFW5ENta.jpg","","خدمة حسب الطلب",150,"","<p>لا تفوّت <strong>العرض الخاص على اللوحات الخشبية مقاس 50×70 سم</strong> ✨</p><p>حوّل صورك أو تصميمك الخاص إلى لوحة خشبية أنيقة بجودة عالية تدوم لسنوات.</p><p>🪵 المقاس: 50×70 سم</p><p>🪵 خامة خشبية طبيعية فاخرة</p><p>🪵 طباعة عالية الدقة بألوان زاهية</p><p>🔥 خصومات حصرية لفترة محدودة </p><p>📌 اطلب الآن من نجد برنت</p>","نعم","320","","","1970-01-01","1970-01-01","0","","لا",1,"kg","متاح","","","لا","",0,"","","نعم","","1","{Name}","<p>لا تفوّت <strong>العرض الخاص على اللوحات الخشبية مقاس 50×70 سم</strong> ✨</p><p>حوّل صورك أو تصميمك الخاص إلى لوحة خشبية أنيقة بجودة عالية تدوم لسنوات.</p><p>🪵 المقاس: 50×70 سم</p><p>🪵 خامة خشبية طبيعية فاخرة</p><p>🪵 طباعة عالية الدقة بألوان زاهية</p><p>🔥 خصومات حصرية لفترة محدودة </p><p>📌 اطلب الآن من نجد برنت</p>","لوحات خشبية","","","","","","","","","","","","","","","","","","","","","","","","","","","","","","","","","","","","","","","",""
82044954,"منتج","علبة مناديل ورق انفر برش 300 جرام مطبوع مقاس 13×13×10 سم – تصميم أنيق وجودة عالية","تصاميمك مطبوعه > طباعة ديجيتال, جميع المنتجات, تصاميمك مطبوعه, اليوم الوطني","https://cdn.salla.sa/EZORvA/c4d51ba8-2c0a-4737-8a4a-bbd121dceff1-1000x1000-nyL641aa3HYAjw4nvpgJYUBmNjZ391WYfwuIhBRQ.jpg,https://cdn.salla.sa/EZORvA/b231f79b-67ce-403f-945b-1030a3fae5b8-1000x1000-R68YXIimF4hsezrK2y9J28sCZmkiHO1cJSGeYDHz.png","","خدمة حسب الطلب",0,"","<p>علبة مناديل أنيقة مطبوعة بتصميم عصري، مناسبة للمكاتب، القاعات، أو الاستخدام الشخصي.</p><p>مصنوعة من ورق انفر برش 300 جرام بجودة عالية مع فتحة علوية مخصصة لسحب المناديل بسهولة.</p><p>📏 <strong>المقاس:</strong></p><ul><li>الطول: 13 سم</li><li>العرض: 13 سم</li><li>الارتفاع: 10 سم</li></ul><p>✨ <strong>المميزات:</strong></p><ul><li>تصميم مربع مدمج يناسب جميع المساحات.</li><li>خامة قوية تحافظ على شكل العلبة.</li><li>مثالية للاستخدام في الفعاليات، الاجتماعات، أو كهدية مع الهوية الخاصة بالعلامة التجارية.</li></ul><p><br></p>","نعم","170","","","1970-01-01","1970-01-01","0","","لا",1,"kg","مخفي","","","لا","",0,"","","نعم","","1","{Name}","<p>علبة مناديل أنيقة مطبوعة بتصميم عصري، مناسبة للمكاتب، القاعات، أو الاستخدام الشخصي.</p><p>مصنوعة من ورق انفر برش 300 جرام بجودة عالية مع فتحة علوية مخصصة لسحب المناديل بسهولة.</p><p>📏 <strong>المقاس:</strong></p><ul><li>الطول: 13 سم</li><li>العرض: 13 سم</li><li>الارتفاع: 10 سم</li></ul><p>✨ <strong>المميزات:</strong></p><ul><li>تصميم مربع مدمج يناسب جميع المساحات.</li><li>خامة قوية تحافظ على شكل العلبة.</li><li>مثالية للاستخدام في الفعاليات، الاجتماعات، أو كهدية مع الهوية الخاصة بالعلامة التجارية.</li></ul><p><br></p>","لوحات خشبية","","","","","","","","","","","","","","","","","","","","","","","","","","","","","","","","","","","","","","","",""
1434990639,"منتج","علب فشار ورقية بتصميم مخصص – طباعة احترافية من نجد برنت","اليوم الوطني, تصاميمك مطبوعه, جميع المنتجات, تصاميمك مطبوعه > طباعة ديجيتال","https://cdn.salla.sa/EZORvA/300c31c0-6705-4e7f-b75f-410e665f8168-1000x1000-Meoji0wQtssEe4VhlxPS94LxGOQdZr1Et66Gcfsu.png,https://cdn.salla.sa/EZORvA/25545568-710d-4cf4-a263-64d859b8e8be-1000x1000-YSfw9PZ1u8Ak4SqtvtklIRjDZVjmR6qKIdq4ZN31.png","","خدمة حسب الطلب",0,"","<p>ارتقِ بتجربة تقديم الفشار مع <strong>علب الفشار الورقية المصممة حسب الطلب</strong> من <em>نجد برنت</em>.</p><p>نصمم ونطبع لك علب فشار جذابة بألوان حيوية وجودة طباعة عالية الدقة تناسب السينما المنزلية، الفعاليات، المحلات، أو عربات الفود ترك.</p><p>يمكنك تخصيص المقاس، الألوان، والشعار ليظهر مشروعك بشكل احترافي ويلفت انتباه العملاء.</p><p>✅ <strong>طباعة عالية الجودة</strong> بألوان واضحة ومقاومة للتلطخ</p><p>✅ <strong>تصميم حسب الهوية البصرية</strong> (شعار، ألوان، رسائل تسويقية)</p><p>✅ <strong>مادة ورقية قوية وصديقة للبيئة</strong></p><p>✅ خيارات مقاسات متنوعة لتناسب جميع الاحتياجات</p><p>منتج مثالي للمقاهي، المطاعم، السينما، الفعاليات والمهرجانات.</p>","نعم","171","","","1970-01-01","1970-01-01","0","","لا",1,"kg","مخفي","","","لا","",0,"","","نعم","","1","{Name}","<p>ارتقِ بتجربة تقديم الفشار مع <strong>علب الفشار الورقية المصممة حسب الطلب</strong> من <em>نجد برنت</em>.</p><p>نصمم ونطبع لك علب فشار جذابة بألوان حيوية وجودة طباعة عالية الدقة تناسب السينما المنزلية، الفعاليات، المحلات، أو عربات الفود ترك.</p><p>يمكنك تخصيص المقاس، الألوان، والشعار ليظهر مشروعك بشكل احترافي ويلفت انتباه العملاء.</p><p>✅ <strong>طباعة عالية الجودة</strong> بألوان واضحة ومقاومة للتلطخ</p><p>✅ <strong>تصميم حسب الهوية البصرية</strong> (شعار، ألوان، رسائل تسويقية)</p><p>✅ <strong>مادة ورقية قوية وصديقة للبيئة</strong></p><p>✅ خيارات مقاسات متنوعة لتناسب جميع الاحتياجات</p><p>منتج مثالي للمقاهي، المطاعم، السينما، الفعاليات والمهرجانات.</p>","علب فشار ورقية","","","","","","","","","","","","","","","","","","","","","","","","","","","","","","","","","","","","","","","",""
252358288,"منتج","طباعة شعارك على الأكواب – هدايا دعائية وإعلانية من نجد برنت","اليوم الوطني, تصاميمك مطبوعه, جميع المنتجات, تصاميمك مطبوعه > طباعة ديجيتال","https://cdn.salla.sa/EZORvA/7b60452a-20f7-4f60-912a-3f61f0c7da86-1000x1000-2hPKjK9kQAs00clg0l6A5rwazcRndHWUVd7NBwet.png,https://cdn.salla.sa/EZORvA/d084c316-e47f-4f21-be8f-2711f5e98983-1000x1000-T7BvmCjvfSlaFHJTU67jRISnv1xnfT8P1dcfNhYW.png","","خدمة حسب الطلب",0,"","","نعم","324","","","1970-01-01","1970-01-01","0","","لا",1,"kg","مخفي","","","لا","",0,"","","نعم","","1","{Name}","","لوحات خشبية","","","","","","","","","","","","","","","","","","","","","","","","","","","","","","","","","","","","","","","",""
2022207479,"منتج","أكياس ورقية فاخرة بطباعة مخصصة – من نجد برنت","جميع المنتجات, تصاميمك مطبوعه > طباعة ديجيتال, اليوم الوطني, تصاميمك مطبوعه","https://cdn.salla.sa/EZORvA/32e98f20-62dc-49a8-85eb-6154775c27f1-1000x1000-V8le0Xul0S7WZzBsIzl7sYPhOs9UpgNEBpRFxih7.png,https://cdn.salla.sa/EZORvA/5c9bd4e5-e602-4cbc-9ea1-934ebeab7aa2-1000x1000-NEzo9jZBylUHoV3ehj63W6lEEzJwwyqCiNoxXljw.png,https://cdn.salla.sa/EZORvA/7f027358-b136-49a5-b447-324f6e44b94e-1000x1000-fKwlQMLLd4qD7Y1Gcv8TYg1Zvg92tXiRrr0Iv2lz.png","","خدمة حسب الطلب",0,"","","نعم","168","","","1970-01-01","1970-01-01","0","","لا",1,"kg","مخفي","","","لا","",0,"","","نعم","","1","{Name}","","","","","","","","","","","","","","","","","","","","","","","","","","","","","","","","","","","","","","","","","",""
2088771631,"منتج","طباعة شعارك على الأقلام – هدايا ترويجية فاخرة من نجد برنت","تصاميمك مطبوعه, اليوم الوطني, تصاميمك مطبوعه > طباعة ديجيتال, جميع المنتجات","https://cdn.salla.sa/EZORvA/ee012684-7791-4c49-bb36-4d7b0635a05e-1000x1000-6bUFQxnBCYJVHjRdL1irsUsCk7E1ELzqiTbzCm12.png,https://cdn.salla.sa/EZORvA/6d533b05-cf22-4837-8770-cf4ae8addb5e-1000x1000-Lp0Bk6IBCdQyZxdGNFq5AH86lHC6o1z8wfOjk89I.png,https://cdn.salla.sa/EZORvA/922d62b4-b880-4ad8-aa06-dfb9eab13d2a-1000x1000-5WsnJe5RqS40s6BUnAFcwif7GFzr9auex01QbEHe.png","","خدمة حسب الطلب",0,"","","نعم","323","","","1970-01-01","1970-01-01","0","","لا",1,"kg","مخفي","","","لا","",0,"","","نعم","","1","{Name}","","","","","","","","","","","","","","","","","","","","","","","","","","","","","","","","","","","","","","","","","",""
1013100009,"منتج","علب كوكيز مخصصة – طباعة احترافية من نجد برنت","تصاميمك مطبوعه > طباعة ديجيتال, جميع المنتجات, تصاميمك مطبوعه, اليوم الوطني","https://cdn.salla.sa/EZORvA/83a4f314-88a9-47a9-b76b-d321086f912c-1000x1000-31Qm8zuDg10SEabdsT10wNsPukwGqWQzkoFqwgeW.jpg,https://cdn.salla.sa/EZORvA/f82a86fd-d285-4c49-9ed5-96fc311811bc-1000x1000-WRBdghz0ZNUH5vfPEQIm44LJ7g4X2dlJQ6et7bl9.jpg","","خدمة حسب الطلب",0,"","<p>قدّم كوكيزك بطريقة أنيقة واحترافية مع <strong>علب الكوكيز المصممة حسب الطلب</strong> من <em>نجد برنت</em>.</p><p>صُمّمت هذه العلب لتبرز هوية علامتك التجارية بجودة طباعة عالية وألوان نابضة بالحياة، مما يمنح منتجك مظهراً جذاباً ويلفت انتباه عملائك. مثالية للمخابز، محلات الحلويات، والمشاريع المنزلية.</p><p>✅ <strong>تصميم حسب الهوية البصرية</strong> (شعار، ألوان، رسائل دعائية)</p><p>✅ <strong>خامات قوية تحافظ على جودة المنتج</strong></p><p>✅ <strong>طباعة عالية الدقة بألوان واضحة</strong></p><p>✅ <strong>مقاسات متنوعة تناسب جميع أنواع الكوكيز والحلويات</strong></p><p>منتج عملي يجمع بين الفخامة والوظيفة لزيادة قيمة علامتك التجارية ورفع تجربة العميل.</p>","نعم","167","","","1970-01-01","1970-01-01","0","","لا",1,"kg","متاح","","","لا","",0,"","","نعم","","1","{Name}","<p>قدّم كوكيزك بطريقة أنيقة واحترافية مع <strong>علب الكوكيز المصممة حسب الطلب</strong> من <em>نجد برنت</em>.</p><p>صُمّمت هذه العلب لتبرز هوية علامتك التجارية بجودة طباعة عالية وألوان نابضة بالحياة، مما يمنح منتجك مظهراً جذاباً ويلفت انتباه عملائك. مثالية للمخابز، محلات الحلويات، والمشاريع المنزلية.</p><p>✅ <strong>تصميم حسب الهوية البصرية</strong> (شعار، ألوان، رسائل دعائية)</p><p>✅ <strong>خامات قوية تحافظ على جودة المنتج</strong></p><p>✅ <strong>طباعة عالية الدقة بألوان واضحة</strong></p><p>✅ <strong>مقاسات متنوعة تناسب جميع أنواع الكوكيز والحلويات</strong></p><p>منتج عملي يجمع بين الفخامة والوظيفة لزيادة قيمة علامتك التجارية ورفع تجربة العميل.</p>","علب كوكيز مخصصة","","","","","","","","","","","","","","","","","","","","","","","","","","","","","","","","","","","","","","","",""
1486404418,"منتج","علب كوكيز مخصصة في جدة | طباعة احترافية للبراند – نجد برنت","جميع المنتجات, تصاميمك مطبوعه > طباعة ديجيتال, اليوم الوطني, تصاميمك مطبوعه","https://cdn.salla.sa/EZORvA/c855f1f2-c8bb-4022-bcc1-4ba1b24e0dea-1000x1000-YkGAZ5gXjTrp37cLVeszAPpTANfMMxQSFap8E9sd.png,https://cdn.salla.sa/EZORvA/486e2b2b-b071-4750-a9c4-54ed0ecafdac-1000x1000-0eUqT4qLuXhymPT5PzphYPbhiwfKsKH4FUi5v63I.png,https://cdn.salla.sa/EZORvA/4d557fc3-086a-49f7-8024-3b88286ea3b3-1000x1000-dMw5K7N3QpXjlzYwm5YgJRBoRnAmME0Iz6CjiZ4W.png","","خدمة حسب الطلب",0,"","<p>اجعل منتجك يلفت الأنظار من أول نظرة مع خدمة <strong>طباعة علب كوكيز مخصصة في جدة</strong> من <em>نجد برنت</em>.</p><p> نقدم لك حلول تغليف احترافية بتصميم يعكس هوية علامتك التجارية ويزيد من قيمة منتجك في السوق.</p><p>سواء كنت تملك مشروع كوكيز منزلي أو علامة تجارية، نحن نساعدك على تقديم منتجك بشكل فاخر يجذب العملاء ويزيد المبيعات 🔥</p><h2>📦 مميزات علب الكوكيز:</h2><ul><li>🎨 <strong>تصميم مخصص بالكامل (لوجو + ألوان البراند)</strong></li><li>🖨️ <strong>طباعة أوفست عالية الجودة</strong></li><li>📦 <strong>خامات قوية ومناسبة للأغذية</strong></li><li>✨ <strong>تشطيبات فاخرة (لامع / مطفي / سبوت UV)</strong></li><li>📏 <strong>مقاسات متعددة حسب المنتج</strong></li><li>🔒 <strong>إغلاق محكم يحافظ على المنتج</strong></li></ul><h2>🎯 مناسبة لـ:</h2><ul><li>مشاريع الكوكيز والحلويات</li><li>الكافيهات والمخابز</li><li>الهدايا والتوزيعات</li><li>البراندات الناشئة</li></ul><h2>💰 الأسعار التقريبية</h2><p>|جدول|</p><p> نوع الخدمة | الكمية (حبة) | السعر التقريبي (SAR)</p><p> علب كوكيز مطبوعة (لوجو واحد) | 500 - 1000 | 1.5 - 3.5 للقطعة</p><p> علب كوكيز فاخرة بتشطيب خاص | 500 | 3.5 - 6.0 للقطعة</p><p> تصميم احترافي مخصص | حسب الطلب | +50 إلى 150</p><p> |الجدول|</p><h2>⚡ سرعة التنفيذ</h2><ul><li>تنفيذ خلال <strong>5 – 7 أيام</strong> (حسب الكمية)</li><li>إمكانية التوصيل داخل جدة</li></ul><h2>💡 لماذا تختار نجد برنت؟</h2><ul><li>خبرة قوية في <strong>طباعة الكميات الكبيرة</strong></li><li>جودة طباعة ثابتة تناسب البراندات</li><li>فريق تصميم يساعدك على إبراز منتجك</li><li>أسعار تنافسية لمشاريعك</li></ul><h2>📲 اطلب الآن</h2><p>ابدأ في تطوير شكل منتجك وزيادة مبيعاتك مع علب كوكيز احترافية من <strong>نجد برنت</strong></p><p>👉 تواصل معنا الآن عبر واتساب</p><p> 👉 اطلب عرض سعر مخصص خلال دقائق</p>","نعم","180","","","","1970-01-01","","","لا",1,"kg","متاح","","","لا","",\N,"","","نعم","","1","علب كوكيز مخصصة في جدة | طباعة احترافية للتغليف – نجد برنت","<p>اجعل منتجك يلفت الأنظار من أول نظرة مع خدمة <strong>طباعة علب كوكيز مخصصة في جدة</strong> من <em>نجد برنت</em>.</p><p> نقدم لك حلول تغليف احترافية بتصميم يعكس هوية علامتك التجارية ويزيد من قيمة منتجك في السوق.</p><p>سواء كنت تملك مشروع كوكيز منزلي أو علامة تجارية، نحن نساعدك على تقديم منتجك بشكل فاخر يجذب العملاء ويزيد المبيعات 🔥</p><h2>📦 مميزات علب الكوكيز:</h2><ul><li>🎨 <strong>تصميم مخصص بالكامل (لوجو + ألوان البراند)</strong></li><li>🖨️ <strong>طباعة أوفست عالية الجودة</strong></li><li>📦 <strong>خامات قوية ومناسبة للأغذية</strong></li><li>✨ <strong>تشطيبات فاخرة (لامع / مطفي / سبوت UV)</strong></li><li>📏 <strong>مقاسات متعددة حسب المنتج</strong></li><li>🔒 <strong>إغلاق محكم يحافظ على المنتج</strong></li></ul><h2>🎯 مناسبة لـ:</h2><ul><li>مشاريع الكوكيز والحلويات</li><li>الكافيهات والمخابز</li><li>الهدايا والتوزيعات</li><li>البراندات الناشئة</li></ul><h2>💰 الأسعار التقريبية</h2><p>|جدول|</p><p> نوع الخدمة | الكمية (حبة) | السعر التقريبي (SAR)</p><p> علب كوكيز مطبوعة (لوجو واحد) | 500 - 1000 | 1.5 - 3.5 للقطعة</p><p> علب كوكيز فاخرة بتشطيب خاص | 500 | 3.5 - 6.0 للقطعة</p><p> تصميم احترافي مخصص | حسب الطلب | +50 إلى 150</p><p> |الجدول|</p><h2>⚡ سرعة التنفيذ</h2><ul><li>تنفيذ خلال <strong>5 – 7 أيام</strong> (حسب الكمية)</li><li>إمكانية التوصيل داخل جدة</li></ul><h2>💡 لماذا تختار نجد برنت؟</h2><ul><li>خبرة قوية في <strong>طباعة الكميات الكبيرة</strong></li><li>جودة طباعة ثابتة تناسب البراندات</li><li>فريق تصميم يساعدك على إبراز منتجك</li><li>أسعار تنافسية لمشاريعك</li></ul><h2>📲 اطلب الآن</h2><p>ابدأ في تطوير شكل منتجك وزيادة مبيعاتك مع علب كوكيز احترافية من <strong>نجد برنت</strong></p><p>👉 تواصل معنا الآن عبر واتساب</p><p> 👉 اطلب عرض سعر مخصص خلال دقائق</p>","cookie-box-najd-jeddah","","","","","","","","","","","","","","","","","","","","","","","","","","","","","","","","","","","","","","","",""
580212777,"منتج","لوحة كانفاس طباعة في جدة | اطبع صورك بجودة فنية – نجد برنت","تصاميمك مطبوعه, تصاميمك مطبوعه > اندور - اوت دور","https://cdn.salla.sa/EZORvA/b8bfcf57-0127-4934-9626-3ee383219adf-1000x1000-t1JQz4ebl5cXp5rigOVgwaQ0mVh43PltVAOQquCL.png,https://cdn.salla.sa/EZORvA/0c053e4e-9300-468c-9b2f-0ae139033b83-750x1000-8pdrSsn5BXgHabwmTKdxicMAxMktdJUoOgmJl8BQ.jpg,https://cdn.salla.sa/EZORvA/72250c79-5eca-4ce8-b872-9d18bebff8f7-750x1000-gMEme1N1KxJyODUJqG5Tfe3VUssjLKRtUUuOEBVO.jpg,https://cdn.salla.sa/EZORvA/aadbe730-4b9e-45d0-b023-73e29a671227-750x1000-ZlvQ7X1DhLDieIq2iuhRbA6ZdfzCmIGNIaLmnw8O.jpg,https://cdn.salla.sa/EZORvA/c4e2039a-f7a0-430b-bf27-3a227ce07ab5-750x1000-UeA297xTQ1OBn29IYoHEwWG0K4EgIDzyWGkJR8Ad.jpg,https://cdn.salla.sa/EZORvA/d2b19678-2289-4aee-88c1-4c33e5554e49-750x1000-E7BlGCZc8P4BWuBaJSUIOoRILmP0GMSDUeOx610o.jpg,https://cdn.salla.sa/EZORvA/f70590c5-f4b9-49dc-ad8f-35a255b0479b-750x1000-zM1JMOlWQS3E1fUkqghtOHf0HHoDPAV23mkPI8lF.jpg","","خدمة حسب الطلب",0,"","<p>حوّل صورك العادية إلى لوحة فنية مميزة مع خدمة <strong>طباعة لوحات كانفاس في جدة</strong> من <em>نجد برنت</em>.</p><p> نطبع صورك على خامة قماش كانفاس عالية الجودة تعطيك إحساس اللوحات الفنية الفاخرة، مثالية للديكور أو الهدايا.</p><p>سواء كانت صورة شخصية، ذكرى عائلية، أو تصميم خاص—نحن نحولها إلى قطعة فنية تعيش معك 💫</p><h2>🎨 مميزات طباعة الكانفاس:</h2><ul><li>🖨️ <strong>جودة طباعة عالية (HD)</strong></li><li>🎨 <strong>ألوان ثابتة ومقاومة للبهتان</strong></li><li>🧵 <strong>خامة قماش كانفاس فاخرة</strong></li><li>🪵 <strong>شد احترافي على إطار خشبي متين</strong></li><li>💧 <strong>مقاومة للرطوبة والعوامل الجوية</strong></li><li>📏 <strong>مقاسات متعددة حسب الطلب</strong></li></ul><h2>📐 المقاسات المتوفرة:</h2><ul><li>30 × 40 سم</li><li>50 × 70 سم</li><li>70 × 100 سم</li><li>مقاسات مخصصة حسب الطلب</li></ul><h2>💡 استخدامات لوحة الكانفاس:</h2><ul><li>ديكور المنزل أو المكتب</li><li>هدايا شخصية (تخرج، زواج، مواليد)</li><li>لوحات فنية للشركات</li><li>طباعة شعارات وبراندينج</li></ul><h2>💰 الأسعار التقريبية</h2><p>|جدول|</p><p> نوع الخدمة | المقاس | السعر التقريبي (SAR)</p><p> لوحة كانفاس صغيرة | 30 × 40 سم | 80 - 120</p><p> لوحة كانفاس متوسطة | 50 × 70 سم | 150 - 220</p><p> لوحة كانفاس كبيرة | 70 × 100 سم | 250 - 350</p><p> تصميم مخصص | حسب الطلب | +30 إلى 80</p><p> |الجدول|</p><h2>⚡ سرعة التنفيذ</h2><ul><li>تنفيذ خلال <strong>24 – 48 ساعة</strong></li><li>إمكانية الاستلام من جدة أو التوصيل</li></ul><h2>🎯 لماذا تختار نجد برنت؟</h2><ul><li>خبرة في <strong>خدمات الطباعة في السعودية</strong></li><li>دقة عالية في الألوان والتفاصيل</li><li>فريق يساعدك في ضبط الصورة قبل الطباعة</li><li>نتائج احترافية تناسب الذوق العصري</li></ul><h2>📲 اطلب الآن</h2><p>اطبع أجمل لحظاتك على لوحة كانفاس فاخرة من <strong>نجد برنت</strong></p><p>👉 تواصل معنا الآن عبر واتساب</p><p> 👉 أرسل صورتك واحصل على معاينة قبل الطباعة</p>","نعم","326","","","","1970-01-01","","","لا",1,"kg","متاح","","","لا","",\N,"","","نعم","","1","طباعة لوحة كانفاس في جدة | جودة عالية وأسعار مميزة – نجد برنت","<p>حوّل صورك العادية إلى لوحة فنية مميزة مع خدمة <strong>طباعة لوحات كانفاس في جدة</strong> من <em>نجد برنت</em>.</p><p> نطبع صورك على خامة قماش كانفاس عالية الجودة تعطيك إحساس اللوحات الفنية الفاخرة، مثالية للديكور أو الهدايا.</p><p>سواء كانت صورة شخصية، ذكرى عائلية، أو تصميم خاص—نحن نحولها إلى قطعة فنية تعيش معك 💫</p><h2>🎨 مميزات طباعة الكانفاس:</h2><ul><li>🖨️ <strong>جودة طباعة عالية (HD)</strong></li><li>🎨 <strong>ألوان ثابتة ومقاومة للبهتان</strong></li><li>🧵 <strong>خامة قماش كانفاس فاخرة</strong></li><li>🪵 <strong>شد احترافي على إطار خشبي متين</strong></li><li>💧 <strong>مقاومة للرطوبة والعوامل الجوية</strong></li><li>📏 <strong>مقاسات متعددة حسب الطلب</strong></li></ul><h2>📐 المقاسات المتوفرة:</h2><ul><li>30 × 40 سم</li><li>50 × 70 سم</li><li>70 × 100 سم</li><li>مقاسات مخصصة حسب الطلب</li></ul><h2>💡 استخدامات لوحة الكانفاس:</h2><ul><li>ديكور المنزل أو المكتب</li><li>هدايا شخصية (تخرج، زواج، مواليد)</li><li>لوحات فنية للشركات</li><li>طباعة شعارات وبراندينج</li></ul><h2>💰 الأسعار التقريبية</h2><p>|جدول|</p><p> نوع الخدمة | المقاس | السعر التقريبي (SAR)</p><p> لوحة كانفاس صغيرة | 30 × 40 سم | 80 - 120</p><p> لوحة كانفاس متوسطة | 50 × 70 سم | 150 - 220</p><p> لوحة كانفاس كبيرة | 70 × 100 سم | 250 - 350</p><p> تصميم مخصص | حسب الطلب | +30 إلى 80</p><p> |الجدول|</p><h2>⚡ سرعة التنفيذ</h2><ul><li>تنفيذ خلال <strong>24 – 48 ساعة</strong></li><li>إمكانية الاستلام من جدة أو التوصيل</li></ul><h2>🎯 لماذا تختار نجد برنت؟</h2><ul><li>خبرة في <strong>خدمات الطباعة في السعودية</strong></li><li>دقة عالية في الألوان والتفاصيل</li><li>فريق يساعدك في ضبط الصورة قبل الطباعة</li><li>نتائج احترافية تناسب الذوق العصري</li></ul><h2>📲 اطلب الآن</h2><p>اطبع أجمل لحظاتك على لوحة كانفاس فاخرة من <strong>نجد برنت</strong></p><p>👉 تواصل معنا الآن عبر واتساب</p><p> 👉 أرسل صورتك واحصل على معاينة قبل الطباعة</p>","canvas-printing-najd-jeddah","","","","","","","","","","","","","","","","","","","","","","","","","","","","","","","","","","","","","","","",""
94925287,"منتج","بوكس رمضان","","https://cdn.salla.sa/EZORvA/68e5cff5-a27e-45ad-86a7-cde3a5a168c0-746.66666666667x1000-OfwqAD3ckUSQekTZ0j0wlQaoP9lC2NQBdkXaxFCq.webp","","خدمة حسب الطلب",0,"","","لا","","","","","1970-01-01","","","لا",0,"kg","متاح","","","لا","",\N,"","","نعم","","1","","",\N,"","","","","","","","","","","","","","","","","","","","","","","","","","","","","","","","","","","","","","","",""
1038389262,"منتج","بكج زفاف نجد المتكامل – لمسة فخامة لليلة لا تُنسى","تصاميمك مطبوعه > بكجات, تصاميمك مطبوعه, تصاميمك مطبوعه > طباعة ديجيتال > كروت, جميع المنتجات, تصاميمك مطبوعه > طباعة ديجيتال","https://cdn.salla.sa/EZORvA/e203c52b-d4fd-41cb-9c57-a7b932e5fc03-666.13924050633x1000-cPqGIfrcMJKGapfMlJbpglUk6SWjHRXQSYGQFpn9.png,https://cdn.salla.sa/EZORvA/4b3a2120-11a4-4dda-82c6-17f5305def49-666.13924050633x1000-a8vDoG5v93NXybKX74deBkxLz5TClcik72oST2Y4.png,https://cdn.salla.sa/EZORvA/792212a7-d3b8-454e-9eeb-50d52d0d154f-666.13924050633x1000-TDAMlFsvHMf3ZfH8Ckc40LIkd1l8X0sfFXyOc6NX.png,https://cdn.salla.sa/EZORvA/9ef3b3ff-f219-4862-88f9-faa043a615e8-666.13924050633x1000-fsLCnjfKyPmZ5ZktfEU0BFGWrsGeXNGYgwJEFtj5.png","","خدمة حسب الطلب",399,"","<p>حوّل يوم زفافك إلى تجربة استثنائية مع <strong>بكج زفاف نجد المتكامل</strong> من <em>نجد برنت</em> — الحل المثالي لكل عروس تبحث عن الأناقة، التناسق، والراحة بدون عناء.</p><p>نوفر لك كل التفاصيل في باكج واحد متكامل بتصميم فاخر يعكس ذوقك ويضيف لمسة راقية على يومك الكبير ✨</p><h2>📦 مكونات البكج:</h2><ul><li>🖼️ <strong>برواز ترحيبي فاخر</strong></li><li> تصميم أنيق لاستقبال الضيوف بأجمل عبارة ترحيبية</li><li>🎀 <strong>بنر خلفية (Backdrop Banner)</strong></li><li> يضيف لمسة فخمة لمكان الحفل والتصوير</li><li>📖 <strong>كتاب عقد القران (Guest Book)</strong></li><li> لتوثيق أجمل اللحظات وكتابة التهاني</li><li>🍽️ <strong>استيكرات الضيافة</strong></li><li> مخصصة للأكواب / الملاعق / التوزيعات بتصميم موحد</li></ul><h2>✨ مميزات البكج:</h2><ul><li>🎨 <strong>تصميم مخصص بالأسماء والتاريخ</strong></li><li>⚡ <strong>تنفيذ سريع خلال 48 ساعة</strong></li><li>💎 <strong>جودة طباعة عالية (ديجيتال + أوفست حسب المنتج)</strong></li><li>🎯 <strong>تناسق كامل بين جميع القطع</strong></li><li>📦 <strong>جاهز للتسليم والاستخدام مباشرة</strong></li></ul><h2>💡 ليه تختاري نجد برنت؟</h2><ul><li>خبرة في <strong>تنسيق وتجهيز حفلات الزفاف</strong></li><li>نساعدك في اختيار التصميم المناسب</li><li>نهتم بأدق التفاصيل عشان يطلع شغلك ""ترند"" 🔥</li></ul><h2>💰 أسعار البكج (تقريبية)</h2><p>|جدول|</p><p> نوع الخدمة | الكمية (حبة) | السعر التقريبي (SAR)</p><p> بكج زفاف متكامل (برواز + بنر + كتاب + استيكرات) | 1 باكج | يبدأ من 350 - 650</p><p> إضافة تصميم خاص بالكامل | حسب الطلب | +50 إلى 150</p><p> |الجدول|</p><h2>🎯 مناسب لمن؟</h2><ul><li>العرائس في جدة</li><li>تجهيزات عقد القران</li><li>حفلات الزفاف المنزلية أو القاعات</li><li>من تبحث عن حل جاهز بدون تعب</li></ul><h2>📲 اطلب الآن بسهولة</h2><p>لا تضيعي وقتك في تنسيق كل قطعة لوحدها 💔</p><p> احصلي على كل شيء في باكج واحد متكامل من <strong>نجد برنت</strong></p><p>👉 تواصلي الآن عبر واتساب واحجزي تصميمك خلال دقائق</p><p> 👉 استلام سريع + جودة مضمونة</p><h3><strong>معلومات الطلب والتواصل:</strong></h3><ul><li><strong>الموقع:</strong> جدة - كيلو 3.</li><li><strong>التنفيذ:</strong> يتم البدء في التصفيذ فور اعتماد التصميم.</li><li><strong>للاستفسارات الخاصة:</strong> تواصل معنا مباشرة عبر الواتساب: <a  rel=""noopener noreferrer"" target=""_blank"" href=""https://www.google.com/search?q=https://wa.me/966573999056"">0573999056</a></li></ul>","لا","","","","","1970-01-01","","","لا",0.1,"kg","متاح","","","نعم","",\N,"","","نعم","","0","بكج زفاف متكامل في جدة | برواز + بنر + كتاب عقد + استيكرات – نجد برنت","<p>حوّل يوم زفافك إلى تجربة استثنائية مع <strong>بكج زفاف نجد المتكامل</strong> من <em>نجد برنت</em> — الحل المثالي لكل عروس تبحث عن الأناقة، التناسق، والراحة بدون عناء.</p><p>نوفر لك كل التفاصيل في باكج واحد متكامل بتصميم فاخر يعكس ذوقك ويضيف لمسة راقية على يومك الكبير ✨</p><h2>📦 مكونات البكج:</h2><ul><li>🖼️ <strong>برواز ترحيبي فاخر</strong></li><li> تصميم أنيق لاستقبال الضيوف بأجمل عبارة ترحيبية</li><li>🎀 <strong>بنر خلفية (Backdrop Banner)</strong></li><li> يضيف لمسة فخمة لمكان الحفل والتصوير</li><li>📖 <strong>كتاب عقد القران (Guest Book)</strong></li><li> لتوثيق أجمل اللحظات وكتابة التهاني</li><li>🍽️ <strong>استيكرات الضيافة</strong></li><li> مخصصة للأكواب / الملاعق / التوزيعات بتصميم موحد</li></ul><h2>✨ مميزات البكج:</h2><ul><li>🎨 <strong>تصميم مخصص بالأسماء والتاريخ</strong></li><li>⚡ <strong>تنفيذ سريع خلال 48 ساعة</strong></li><li>💎 <strong>جودة طباعة عالية (ديجيتال + أوفست حسب المنتج)</strong></li><li>🎯 <strong>تناسق كامل بين جميع القطع</strong></li><li>📦 <strong>جاهز للتسليم والاستخدام مباشرة</strong></li></ul><h2>💡 ليه تختاري نجد برنت؟</h2><ul><li>خبرة في <strong>تنسيق وتجهيز حفلات الزفاف</strong></li><li>نساعدك في اختيار التصميم المناسب</li><li>نهتم بأدق التفاصيل عشان يطلع شغلك ""ترند"" 🔥</li></ul><h2>💰 أسعار البكج (تقريبية)</h2><p>|جدول|</p><p> نوع الخدمة | الكمية (حبة) | السعر التقريبي (SAR)</p><p> بكج زفاف متكامل (برواز + بنر + كتاب + استيكرات) | 1 باكج | يبدأ من 350 - 650</p><p> إضافة تصميم خاص بالكامل | حسب الطلب | +50 إلى 150</p><p> |الجدول|</p><h2>🎯 مناسب لمن؟</h2><ul><li>العرائس في جدة</li><li>تجهيزات عقد القران</li><li>حفلات الزفاف المنزلية أو القاعات</li><li>من تبحث عن حل جاهز بدون تعب</li></ul><h2>📲 اطلب الآن بسهولة</h2><p>لا تضيعي وقتك في تنسيق كل قطعة لوحدها 💔</p><p> احصلي على كل شيء في باكج واحد متكامل من <strong>نجد برنت</strong></p><p>👉 تواصلي الآن عبر واتساب واحجزي تصميمك خلال دقائق</p><p> 👉 استلام سريع + جودة مضمونة</p><h3><strong>معلومات الطلب والتواصل:</strong></h3><ul><li><strong>الموقع:</strong> جدة - كيلو 3.</li><li><strong>التنفيذ:</strong> يتم البدء في التصفيذ فور اعتماد التصميم.</li><li><strong>للاستفسارات الخاصة:</strong> تواصل معنا مباشرة عبر الواتساب: <a  rel=""noopener noreferrer"" target=""_blank"" href=""https://www.google.com/search?q=https://wa.me/966573999056"">0573999056</a></li></ul>","wedding-package-jeddah","","","","","","","","","","","","","","","","","","","","","","","","","","","","","","","","","","","","","","","",""
1254543326,"منتج","استيكر 10 * 10 مع التصميم","","","","منتج جاهز",100,"100",\N,"نعم","","100","","","1970-01-01","","","نعم",1,"kg","مخفي","","","لا","",\N,"","","نعم","","0","",\N,\N,"","","","","","","","","","","","","","","","","","","","","","","","","","","","","","","","","","","","","","","",""
188462810,"منتج","أساور ورقية بلاستك مطبوعة مخصصة | فعاليات وحفلات ومعارض","تصاميمك مطبوعه, اليوم الوطني, تصاميمك مطبوعه > طباعة ديجيتال, جميع المنتجات","https://cdn.salla.sa/EZORvA/5aba621c-079c-49a1-bae2-0dbd5b5a2d3c-1000x1000-Acdes1BSWgujxl9euncgiBYrKVMzxDysRipc8vK1.jpg","","خدمة حسب الطلب",0,"","<p>أساور ورقية عالية الجودة مثالية للاستخدام في <strong>الفعاليات، الحفلات، المؤتمرات، المهرجانات، والنوادي الرياضية</strong>. تتميز بأنها خفيفة ومريحة على اليد، مع إمكانية الطباعة المخصصة لإضافة شعارك أو اسم الحدث، مما يجعلها وسيلة عملية للتنظيم والتعريف بالهوية.</p><p>الأساور مقاومة للماء والتمزق، وتُغلق بإحكام لمرة واحدة فقط لضمان الاستخدام الآمن.</p><p>📏 <strong>المواصفات:</strong></p><ul><li>الخامة: ورق تايفك (Tyvek) مقاوم للماء والتمزق</li><li>المقاس: قياسي 19×2.5 سم (أو حسب الطلب)</li><li>الطباعة: ألوان كاملة (CMYK) أو لون واحد</li><li>الإغلاق: لاصق آمن لمرة واحدة</li></ul><p>🧱 <strong>المميزات:</strong></p><p>✅ خفيفة ومريحة للارتداء طوال اليوم</p><p>✅ مقاومة للماء والتمزق</p><p>✅ مثالية للفعاليات الكبيرة والتنظيم الأمني</p><p>✅ إمكانية الطباعة المخصصة للشعارات أو النصوص</p><p>🖨 <strong>تفاصيل الطباعة:</strong></p><ul><li>الطباعة بالألوان أو أحادية اللون</li><li>إمكانية إضافة نصوص، أرقام تسلسلية، باركود أو QR Code</li></ul><p>⏱ <strong>مدة التنفيذ:</strong></p><p>من 3 إلى 5 أيام عمل بعد اعتماد التصميم.</p>","نعم","","","","","1970-01-01","","لا","لا",1,"kg","متاح","","","لا","",0,"","","نعم","","1","{Name}","<p>أساور ورقية عالية الجودة مثالية للاستخدام في <strong>الفعاليات، الحفلات، المؤتمرات، المهرجانات، والنوادي الرياضية</strong>. تتميز بأنها خفيفة ومريحة على اليد، مع إمكانية الطباعة المخصصة لإضافة شعارك أو اسم الحدث، مما يجعلها وسيلة عملية للتنظيم والتعريف بالهوية.</p><p>الأساور مقاومة للماء والتمزق، وتُغلق بإحكام لمرة واحدة فقط لضمان الاستخدام الآمن.</p><p>📏 <strong>المواصفات:</strong></p><ul><li>الخامة: ورق تايفك (Tyvek) مقاوم للماء والتمزق</li><li>المقاس: قياسي 19×2.5 سم (أو حسب الطلب)</li><li>الطباعة: ألوان كاملة (CMYK) أو لون واحد</li><li>الإغلاق: لاصق آمن لمرة واحدة</li></ul><p>🧱 <strong>المميزات:</strong></p><p>✅ خفيفة ومريحة للارتداء طوال اليوم</p><p>✅ مقاومة للماء والتمزق</p><p>✅ مثالية للفعاليات الكبيرة والتنظيم الأمني</p><p>✅ إمكانية الطباعة المخصصة للشعارات أو النصوص</p><p>🖨 <strong>تفاصيل الطباعة:</strong></p><ul><li>الطباعة بالألوان أو أحادية اللون</li><li>إمكانية إضافة نصوص، أرقام تسلسلية، باركود أو QR Code</li></ul><p>⏱ <strong>مدة التنفيذ:</strong></p><p>من 3 إلى 5 أيام عمل بعد اعتماد التصميم.</p>","أساور ورقية مخصصة","","","","","","","","","","","","","","","","","","","","","","","","","","","","","","","","","","","","","","","",""
